Papel;Segmento;Cotação;FFO Yield;Dividend Yield;P/VP;Valor de Mercado;Liquidez;Qtd de imóveis;Preço do m2;Aluguel por m2;Cap Rate;Vacância Média
AAZQ11;Títulos e Val. Mob.;7,93;18,32%;15,74%;0,91;190.616.000;752.324;0;0,00;0,00;0,00%;0,00%
ABCP11;Shoppings;71,60;8,63%;9,02%;0,70;337.170.000;52.261;1;4.702,88;511,02;10,87%;2,01%
AEFI11;Outros;174,90;8,89%;0,00%;1,20;411.893.000;0;7;4.320,48;394,34;9,13%;0,00%
AFCR11;;103,15;6,80%;0,00%;1,04;498.867.000;0;0;0,00;0,00;0,00%;0,00%
AFHI11;Títulos e Val. Mob.;97,58;8,89%;12,22%;1,01;444.537.000;988.744;0;0,00;0,00;0,00%;0,00%
AFOF11;Títulos e Val. Mob.;91,60;0,77%;0,00%;11,10;1.390.540.000;0;0;0,00;0,00;0,00%;0,00%
AGCX11;Outros;1.235,50;0,74%;0,00%;11,43;15.425.600.000;0;71;76.293,70;756,97;0,99%;5,39%
AGRX11;Híbrido;10,00;18,13%;15,89%;1,00;179.032.000;377.552;0;0,00;0,00;0,00%;0,00%
AIEC11;Lajes Corporativas;54,20;17,24%;17,18%;0,64;261.514.000;419.273;2;10.899,00;1.935,00;17,75%;0,00%
AJFI11;Títulos e Val. Mob.;8,09;7,08%;8,28%;0,66;255.854.000;814.185;0;0,00;0,00;6,51%;0,00%
ALMI11;Lajes Corporativas;594,00;5,53%;1,05%;0,27;66.039.100;29.535;1;1.440,78;211,70;14,69%;55,40%
ALZC11;Títulos e Val. Mob.;95,50;14,79%;5,89%;0,95;37.188.600;20.660;0;0,00;0,00;0,00%;0,00%
ALZM11;Títulos e Val. Mob.;7,72;9,08%;12,70%;0,94;117.194.000;206.618;0;0,00;0,00;0,00%;0,00%
ALZR11;Híbrido;107,95;7,07%;8,24%;1,01;1.319.860.000;2.027.630;17;4.860,55;331,28;6,82%;0,00%
ANCR11;Shoppings;97,81;9,18%;4,43%;0,91;2.614.950.000;911;7;10.764,60;1.393,52;12,95%;4,42%
APTO11;Híbrido;9,65;10,80%;10,63%;0,96;44.508.000;19.480;4;17.652,00;1.129,33;6,40%;0,00%
APXM11;Híbrido;96,99;7,07%;6,89%;1,01;170.702.000;20.211;1;1.684,37;150,78;8,95%;10,24%
ARCT11;Híbrido;87,13;-71,35%;0,00%;0,87;323.093.000;0;13;1.471,65;108,66;7,38%;3,26%
AROA11;Outros;1,00;6,59%;5,30%;1,03;170.034.000;9.925;6;1.297,03;96,06;7,41%;0,00%
ARRI11;Títulos e Val. Mob.;8,94;7,07%;12,49%;1,04;160.229.000;335.250;0;0,00;0,00;0,00%;0,00%
ARXD11;Títulos e Val. Mob.;97,00;8,51%;11,93%;0,99;63.524.800;97.258;0;0,00;0,00;0,00%;0,00%
ASMT11;Híbrido;41,40;7,03%;0,00%;0,46;44.764.000;17.241;3;3.847,63;749,21;19,47%;0,00%
ASRF11;Híbrido;10.882,00;-5,01%;0,00%;1,12;32.014.800;30.043;2;4.546,11;0,00;0,00%;0,00%
ATSA11;Shoppings;54,96;1,40%;1,29%;0,72;96.242.700;847;1;2.839,93;55,78;1,96%;18,60%
AURB11;Logística;86,00;1,43%;0,00%;1,11;77.272.200;58;2;2.265,67;123,74;5,46%;48,35%
AZPL11;Logística;8,60;-0,03%;0,00%;0,86;156.603.000;86.209;0;0,00;0,00;0,00%;0,00%
BARI11;Títulos e Val. Mob.;77,04;10,43%;10,98%;0,83;357.018.000;553.756;3;3.322,16;0,00;0,00%;0,00%
BBFI11;Lajes Corporativas;451,51;166,91%;52,36%;0,30;58.696.300;228.023;3;303,65;1.192,87;392,84%;46,50%
BBFO11;Títulos e Val. Mob.;72,29;16,27%;10,15%;0,90;289.442.000;368.451;0;0,00;0,00;0,00%;0,00%
BBGO11;Títulos e Val. Mob.;85,30;16,85%;10,92%;0,87;341.640.000;322.124;0;0,00;0,00;0,00%;0,00%
BBIG11;Shoppings;9,32;1,43%;3,36%;0,96;923.808.000;560.443;0;0,00;0,00;0,00%;0,00%
BBPO11;Lajes Corporativas;96,75;11,04%;0,93%;0,95;1.540.230.000;0;62;3.837,59;501,92;13,08%;4,57%
BBRC11;Outros;115,41;11,65%;10,88%;1,12;183.502.000;98.922;20;11.432,70;1.521,65;13,31%;0,00%
BBVJ11;Lajes Corporativas;62,99;2,75%;0,00%;0,88;197.789.000;0;1;10.093,90;587,26;5,82%;45,04%
BCFF11;Títulos e Val. Mob.;8,23;9,58%;10,56%;0,88;1.658.270.000;3.050.350;0;0,00;0,00;0,00%;0,00%
BCIA11;Títulos e Val. Mob.;101,59;9,25%;9,65%;0,96;377.817.000;579.128;0;0,00;0,00;0,00%;0,00%
BCRI11;Títulos e Val. Mob.;68,39;12,47%;12,46%;0,79;427.976.000;462.129;0;0,00;0,00;0,00%;0,00%
BICE11;Títulos e Val. Mob.;930,00;8,85%;9,54%;0,92;97.512.400;2.480;0;0,00;0,00;0,00%;0,00%
BICR11;Títulos e Val. Mob.;39,51;20,10%;40,20%;0,89;19.755.000;8.137;0;0,00;0,00;0,00%;0,00%
BIME11;Híbrido;7,29;13,40%;13,34%;0,85;42.614.400;68.287;3;186,43;0,00;0,00%;0,00%
BIPD11;Híbrido;988,17;-2,53%;7,39%;0,98;78.456.700;0;2;7.432,88;0,00;0,00%;0,00%
BLCA11;Lajes Corporativas;100,33;-1,25%;16,20%;0,83;160.528.000;87.593;1;37.646,30;2.988,47;7,94%;0,00%
BLCP11;Logística;91,00;5,41%;0,00%;0,81;208.962.000;0;2;3.014,16;199,89;6,63%;0,00%
BLMC11;Títulos e Val. Mob.;85,75;11,10%;5,10%;0,91;34.257.100;0;0;0,00;0,00;0,00%;0,00%
BLMG11;Outros;40,51;15,53%;13,58%;0,56;172.929.000;562.289;2;93,17;15,71;16,86%;58,43%
BLMO11;Lajes Corporativas;82,00;6,22%;6,12%;0,79;81.574.800;63.082;1;9.747,64;813,89;8,35%;0,00%
BLMR11;Títulos e Val. Mob.;6,78;10,17%;2,41%;0,84;173.172.000;0;0;0,00;0,00;0,00%;0,00%
BLUR11;Títulos e Val. Mob.;99,99;4,58%;9,43%;1,17;8.999.100;1.230;0;0,00;0,00;0,00%;0,00%
BMLC11;Híbrido;100,98;8,87%;8,25%;1,02;100.819.000;36.550;1;16.543,60;1.443,05;8,72%;0,00%
BNFS11;Outros;118,63;14,20%;12,87%;1,40;83.041.000;83.683;18;7.588,80;1.280,09;16,87%;0,22%
BPFF11;Outros;67,78;15,61%;10,37%;0,90;304.490.000;333.242;0;0,00;0,00;0,00%;0,00%
BPML11;Híbrido;91,45;-0,68%;8,36%;0,71;680.548.000;1.316.360;4;5.161,30;796,36;15,43%;7,11%
BPRP11;Outros;109,90;10,33%;10,28%;0,88;148.347.000;286;1;6.369,79;692,07;10,86%;0,00%
BRCO11;Logística;112,24;7,11%;9,05%;0,94;1.785.190.000;2.695.880;12;3.479,73;313,37;9,01%;5,95%
BRCR11;Híbrido;49,51;-0,74%;10,80%;0,55;1.318.860.000;1.316.030;6;11.348,00;1.612,29;14,21%;6,14%
BREV11;Híbrido;105,00;6,59%;0,55%;0,00;101.556.000;0;13;0,00;1.437,55;0,00%;0,00%
BRIM11;Residencial;1.200,00;2,75%;18,97%;1,43;148.964.000;3.856;1;157.993,00;0,00;0,00%;0,00%
BRIP11;Híbrido;969,90;-3,39%;23,41%;0,94;208.989.000;9.889;0;0,00;0,00;0,00%;0,00%
BRLA11;Outros;164,50;7,52%;7,84%;0,97;609.065.000;9.489;8;1.427,63;111,49;7,81%;0,00%
BROF11;Híbrido;47,76;13,82%;12,44%;0,44;554.532.000;399.521;2;6.009,13;1.040,57;17,32%;4,64%
BTAL11;Outros;77,49;17,72%;10,55%;0,69;463.602.000;694.750;9;1.322,65;174,04;13,16%;0,00%
BTCI11;Títulos e Val. Mob.;9,96;11,04%;11,55%;0,99;991.231.000;1.459.850;0;0,00;0,00;0,00%;0,00%
BTCR11;Títulos e Val. Mob.;88,00;12,48%;0,00%;0,92;423.289.000;0;0;0,00;0,00;0,00%;0,00%
BTHI11;Hotel;40,12;9,38%;9,66%;0,64;369.847.000;37.269;12;717,11;75,41;10,52%;0,00%
BTLG11;Híbrido;101,31;4,82%;8,63%;0,97;4.381.570.000;9.006.910;21;3.432,85;235,69;6,87%;2,43%
BTML11;Híbrido;111,28;8,12%;6,65%;0,96;126.321.000;0;2;22.366,20;2.690,58;12,03%;9,70%
BTRA11;Outros;44,64;53,12%;9,95%;0,40;150.194.000;299.474;6;1,67;0,23;13,94%;30,27%
BTSG11;Logística;160,01;10,30%;6,62%;1,10;124.010.000;525;1;6.574,11;736,27;11,20%;0,00%
BTSI11;Híbrido;113,10;5,97%;7,32%;1,05;434.906.000;38;4;935,82;81,23;8,68%;0,00%
BTWR11;Lajes Corporativas;120,00;5,91%;6,01%;1,05;97.112.400;5;1;2.604,96;225,65;8,66%;4,00%
BTYU11;Híbrido;10,75;2,45%;4,70%;1,06;215.000.000;0;0;0,00;0,00;0,00%;0,00%
BVAR11;Outros;1.390,00;6,58%;5,62%;1,61;869.501.000;0;47;8.533,37;605,77;7,10%;23,15%
CACR11;;106,00;6,62%;14,35%;1,07;512.650.000;1.405.230;0;0,00;0,00;0,00%;0,00%
CARE11;Híbrido;1,58;-9,01%;0,00%;0,23;56.516.500;8.873;1;0,00;0,00;0,00%;0,00%
CBOP11;Lajes Corporativas;27,42;5,56%;4,87%;0,38;38.799.300;6.405;1;2.379,91;328,43;13,80%;53,40%
CCME11;Outros;9,68;7,71%;10,99%;0,91;656.275.000;773.266;2;6.254,90;438,00;7,00%;13,22%
CCRF11;Títulos e Val. Mob.;92,50;7,16%;1,18%;0,95;145.401.000;0;0;0,00;0,00;0,00%;0,00%
CEOC11;Lajes Corporativas;43,99;12,12%;11,96%;0,61;79.872.500;30.866;1;5.020,35;730,04;14,54%;0,00%
CFHI11;Outros;650,00;26,24%;22,57%;1,02;61.490.000;72;10;4.735,05;0,00;0,00%;0,00%
CFII11;Híbrido;1.000,00;-0,85%;10,80%;0,97;100.634.000;0;4;7.205,99;263,74;3,66%;0,00%
CJCT11;Lajes Corporativas;60,00;2,89%;2,76%;0,84;188.400.000;28.044;1;9.614,80;587,26;6,11%;45,04%
CLIN11;Títulos e Val. Mob.;94,51;8,03%;11,03%;0,96;410.813.000;1.515.130;0;0,00;0,00;0,00%;0,00%
CNES11;Lajes Corporativas;1,47;6,45%;6,10%;0,19;50.178.200;85.880;1;722,55;175,67;24,31%;54,60%
COPP11;Híbrido;103,00;5,61%;0,72%;0,92;223.108.000;0;3;4,84;0,23;4,68%;69,86%
CORM11;Híbrido;81,00;3,59%;0,00%;0,89;87.581.800;0;3;7.527,98;749,21;9,95%;0,00%
CPFF11;Títulos e Val. Mob.;70,03;3,31%;11,43%;0,88;178.792.000;200.849;0;0,00;0,00;0,00%;0,00%
CPOF11;Híbrido;108,44;5,32%;5,49%;0,97;234.891.000;4.735.780;3;5,10;0,23;4,44%;69,86%
CPSH11;Shoppings;10,50;5,06%;10,59%;0,92;670.700.000;2.403.970;6;881,36;55,07;6,25%;6,10%
CPTR11;Títulos e Val. Mob.;8,46;15,57%;14,57%;0,86;350.075.000;774.748;0;0,00;0,00;0,00%;0,00%
CPTS11;Títulos e Val. Mob.;8,15;7,07%;10,88%;0,92;2.590.300.000;8.068.550;0;0,00;0,00;0,00%;0,00%
CRAA11;Títulos e Val. Mob.;103,74;2,97%;13,93%;1,03;245.847.000;1.233.500;0;0,00;0,00;0,00%;0,00%
CRFF11;Títulos e Val. Mob.;78,60;9,14%;9,77%;0,90;54.237.100;84.938;0;0,00;0,00;0,00%;0,00%
CTXT11;Lajes Corporativas;7,91;-19,33%;0,00%;0,29;31.018.500;2.453;1;657,13;10,21;1,55%;100,00%
CVBI11;Títulos e Val. Mob.;92,30;11,39%;11,92%;0,98;1.016.240.000;2.260.520;0;0,00;0,00;0,00%;0,00%
CXAG11;Outros;75,96;11,67%;10,46%;0,66;158.804.000;130.407;32;2.760,51;355,90;12,89%;0,00%
CXCE11;Lajes Corporativas;40,28;13,05%;11,97%;0,63;68.997.600;23.483;1;3.266,40;467,31;14,31%;0,00%
CXCI11;Títulos e Val. Mob.;81,83;11,61%;11,77%;0,88;168.384.000;129.012;0;0,00;0,00;0,00%;0,00%
CXCO11;Lajes Corporativas;69,97;12,78%;11,59%;0,69;274.597.000;207.666;10;2.966,88;408,82;13,78%;0,00%
CXRI11;Títulos e Val. Mob.;78,13;9,12%;9,23%;0,89;123.114.000;126.678;0;0,00;0,00;0,00%;0,00%
CXTL11;Logística;234,50;10,38%;9,53%;0,59;12.568.500;4.497;1;1.804,98;337,70;18,71%;0,00%
DAMA11;Títulos e Val. Mob.;9,99;1,56%;3,13%;1,02;46.157.500;33.101;0;0,00;0,00;0,00%;0,00%
DAMT11;Híbrido;15,70;1,79%;1,43%;1,15;279.142.000;689;1;3.669,45;107,01;2,92%;11,05%
DCRA11;Títulos e Val. Mob.;8,43;16,81%;15,22%;0,89;56.809.000;151.714;0;0,00;0,00;0,00%;0,00%
DEVA11;Títulos e Val. Mob.;37,85;16,17%;16,37%;0,38;531.600.000;915.714;0;0,00;0,00;0,00%;0,00%
DMAC11;Residencial;13,00;-758,50%;0,00%;2,61;2.029.400;0;0;0,00;0,00;0,00%;0,00%
DOMC11;Híbrido;439,00;0,15%;0,00%;4,30;1.072.830.000;0;2;25.745,50;210,72;0,82%;18,27%
DOVL11;Lajes Corporativas;666,30;13,80%;14,05%;0,83;44.246.300;0;2;2.498,27;620,06;24,82%;0,00%
DPRO11;Híbrido;6,31;9,88%;10,50%;0,68;31.570.300;3.663;1;1.902,38;243,34;12,79%;0,00%
DRIT11;Lajes Corporativas;100,00;4,69%;12,38%;0,78;46.327.700;844;4;7.719,48;639,98;8,29%;39,15%
DVFF11;Híbrido;7,38;0,25%;12,01%;0,83;81.250.100;46.795;0;0,00;0,00;0,00%;0,00%
EDFO11;Lajes Corporativas;168,00;12,70%;12,00%;0,75;39.648.000;7.666;1;111.548,00;15.442,32;13,84%;0,00%
EDGA11;Lajes Corporativas;18,05;5,58%;4,96%;0,29;68.807.600;22.828;1;2.742,24;270,45;9,86%;24,56%
EGAF11;Títulos e Val. Mob.;93,85;13,31%;15,40%;0,95;293.930.000;566.208;0;0,00;0,00;0,00%;0,00%
ELDO11B;Shoppings;1.104,31;9,96%;10,68%;0,68;869.375.000;0;1;11.445,20;1.353,52;11,83%;1,32%
EQIN11;Títulos e Val. Mob.;93,50;1,28%;0,00%;9,38;1.428.810.000;0;0;0,00;0,00;0,00%;0,00%
EQIR11;Títulos e Val. Mob.;9,04;8,34%;12,10%;0,91;98.620.200;136.391;0;0,00;0,00;0,00%;0,00%
ERCR11;Híbrido;76.000,00;-0,06%;0,00%;2,50;180.576.000;0;0;0,00;0,00;0,00%;0,00%
ERPA11;Lajes Corporativas;133,90;6,82%;7,24%;0,94;67.073.500;6.030;1;19.822,90;1.525,92;7,70%;0,00%
EURO11;Logística;250,70;9,34%;8,57%;0,74;96.252.800;31.810;7;814,12;84,08;10,33%;0,00%
EVBI11;Híbrido;10,03;5,88%;8,60%;1,01;322.567.000;1.630.810;5;8.071,11;754,18;9,34%;1,51%
EXES11;Títulos e Val. Mob.;9,50;9,85%;9,69%;1,03;55.771.900;13.008;0;0,00;0,00;0,00%;0,00%
FAED11;Outros;152,42;11,56%;12,16%;0,69;105.532.000;88.013;4;2.287,07;282,40;12,35%;0,00%
FAMB11;Lajes Corporativas;1.610,00;-3,61%;0,00%;0,75;197.286.000;168.833;1;3.277,83;53,55;1,63%;89,31%
FATN11;Híbrido;91,26;7,10%;11,37%;0,89;313.229.000;860.735;51;22.985,00;1.692,33;7,36%;3,36%
FCFL11;Outros;116,17;8,73%;8,34%;0,95;403.576.000;242.397;1;12.906,70;1.184,04;9,17%;0,00%
FEXC11;Títulos e Val. Mob.;83,50;1,32%;0,00%;8,30;8.310.020.000;0;0;0,00;0,00;0,00%;0,00%
FFCI11;Lajes Corporativas;182,03;2,75%;0,00%;0,89;671.817.000;0;9;16.504,30;1.123,58;6,81%;1,77%
FGAA11;Híbrido;8,82;13,77%;14,74%;0,92;397.618.000;1.245.550;0;0,00;0,00;0,00%;0,00%
FIGS11;Shoppings;52,38;10,07%;9,52%;0,64;149.283.000;138.634;2;2.306,99;247,42;10,72%;5,84%
FIIB11;Híbrido;503,99;8,86%;8,11%;1,07;345.233.000;234.067;11;621,81;61,19;9,84%;0,00%
FIIP11B;Híbrido;171,86;10,53%;9,55%;0,86;159.342.000;170.374;7;2.260,40;261,05;11,55%;0,00%
FISC11;Lajes Corporativas;75,00;5,56%;6,35%;0,62;127.500.000;11.641;4;10.101,10;777,43;7,70%;0,00%
FISD11;Títulos e Val. Mob.;203,32;-21,06%;0,00%;2,72;218.079.000;0;1;0,00;0,00;0,00%;0,00%
FIXX11;Títulos e Val. Mob.;85,78;7,10%;0,00%;1,31;321.608.000;0;0;0,00;0,00;0,00%;0,00%
FLCR11;Títulos e Val. Mob.;97,46;15,18%;13,52%;1,03;61.751.000;69.222;0;0,00;0,00;0,00%;0,00%
FLFL11;Híbrido;100,00;-0,92%;0,96%;0,70;345.426.000;0;1;30.662,60;2.342,01;7,64%;0,00%
FLMA11;Híbrido;139,02;8,43%;8,75%;0,64;191.941.000;66.412;2;16.586,50;1.805,73;10,89%;0,00%
FLRP11;Shoppings;1.954,00;7,76%;8,03%;0,85;140.688.000;14.819;1;2.738,18;231,34;8,45%;2,86%
FMOF11;Lajes Corporativas;47,38;2,10%;2,00%;0,40;24.069.400;2.844;2;1.423,92;162,80;11,43%;30,48%
FPAB11;Lajes Corporativas;240,00;6,46%;4,43%;0,70;180.000.000;44.613;2;4.933,26;346,66;7,03%;29,92%
FPNG11;Lajes Corporativas;200,00;1,91%;1,55%;1,16;465.858.000;1.975;8;36.030,60;1.167,75;3,24%;5,72%
FRBR11;Títulos e Val. Mob.;103,71;7,76%;0,00%;1,06;1.324.330.000;0;0;0,00;0,00;0,00%;0,00%
FTCE11;Híbrido;2.856,05;-0,99%;3,18%;1,01;3.199.670.000;0;79;1.647,30;44,76;2,72%;3,79%
FVBI11;Lajes Corporativas;159,71;0,00%;0,00%;0,00;0;0;1;0,00;636,95;0,00%;0,00%
FVPQ11;Shoppings;67,65;15,37%;12,52%;0,35;189.430.000;90.948;1;3.298,42;914,91;27,74%;13,60%
FZDA11;Outros;106,04;0,92%;0,98%;0,62;164.362.000;28.634;6;1,89;0,03;1,77%;0,00%
FZDB11;Outros;121,17;3,37%;3,12%;0,72;436.212.000;2.520;16;3,17;0,13;3,97%;0,00%
GALG11;Híbrido;9,08;4,86%;4,49%;0,98;1.142.860.000;0;4;309,38;35,12;11,35%;0,00%
GAME11;Outros;9,16;6,37%;12,41%;0,94;198.751.000;153.600;0;0,00;0,00;0,00%;0,00%
GARE11;Híbrido;9,16;4,82%;6,39%;0,99;1.152.930.000;5.453.210;4;312,11;35,12;11,25%;0,00%
GCFF11;Títulos e Val. Mob.;69,30;12,04%;0,00%;0,89;24.981.100;0;0;0,00;0,00;0,00%;0,00%
GCOI11;Híbrido;98,99;-1,73%;0,00%;1,03;11.185.900;836;5;5.769,40;0,00;0,00%;0,00%
GCRA11;Títulos e Val. Mob.;59,71;15,96%;17,48%;0,69;104.544.000;216.984;0;0,00;0,00;0,00%;0,00%
GCRI11;Títulos e Val. Mob.;69,50;11,41%;15,80%;0,80;101.043.000;94.717;0;0,00;0,00;0,00%;0,00%
GESE11B;Outros;1.520,00;11,39%;152,79%;1,36;79.040.000;0;1;0,00;725,37;0,00%;0,00%
GGRC11;Logística;10,69;8,19%;10,50%;0,94;1.131.030.000;1.629.700;13;1.354,90;144,15;10,64%;0,00%
GLOG11;Logística;62,50;16,80%;10,07%;0,58;46.875.000;88.781;1;651,70;137,02;21,03%;0,00%
GRLV11;Logística;145,50;5,72%;0,00%;24,38;156.199.000;0;1;0,00;183,00;0,00%;3,69%
GRWA11;Títulos e Val. Mob.;10,00;8,45%;14,67%;0,98;27.584.900;21.914;0;0,00;0,00;0,00%;0,00%
GSFI11;Shoppings;7,45;0,00%;0,00%;0,55;669.907.000;267.809;0;0,00;0,00;0,00%;0,00%
GTLG11;Logística;63,99;13,75%;0,00%;0,70;459.000.000;0;5;2.714,27;318,12;11,72%;1,69%
GTWR11;Lajes Corporativas;81,98;11,85%;10,88%;0,81;983.760.000;857.207;3;10.860,60;1.387,45;12,77%;0,00%
GURB11;Híbrido;108,00;8,37%;2,55%;0,93;122.597.000;0;2;21.706,90;2.690,58;12,40%;9,70%
GWIR11;Shoppings;175,99;2,80%;0,00%;0,74;67.231.200;0;0;0,00;0,00;4,21%;0,00%
GZIT11;Híbrido;57,19;-10,39%;9,06%;0,60;1.249.100.000;891.250;5;8.874,61;994,13;11,20%;3,00%
HAAA11;Lajes Corporativas;34,79;9,84%;7,26%;0,46;120.199.000;332;2;9.136,23;1.251,68;13,70%;19,81%
HABT11;Títulos e Val. Mob.;86,68;13,58%;13,15%;0,91;704.430.000;1.106.380;0;0,00;0,00;0,00%;0,00%
HBCR11;Outros;134,01;6,83%;11,74%;0,95;214.416.000;5.882.700;5;1.407,75;276,63;19,65%;0,00%
HBRH11;Híbrido;90,80;6,40%;2,66%;0,82;251.716.000;0;5;8.425,78;670,09;7,95%;2,83%
HBTT11;Títulos e Val. Mob.;1.055,00;6,53%;0,00%;1,19;190.126.000;0;0;0,00;0,00;0,00%;0,00%
HCHG11;Outros;68,60;11,90%;11,36%;0,71;82.320.000;50.035;0;0,00;0,00;0,00%;0,00%
HCRI11;Hospital;286,00;11,43%;10,76%;0,89;57.200.000;31.629;1;10.282,80;1.252,99;12,19%;0,00%
HCTR11;Títulos e Val. Mob.;29,33;13,99%;14,20%;0,26;647.730.000;1.100.940;0;0,00;0,00;0,00%;0,00%
HDEL11;Logística;116,00;14,05%;12,09%;1,48;97.440.000;211;0;0,00;0,00;0,00%;0,00%
HFOF11;Títulos e Val. Mob.;68,78;10,06%;10,40%;0,90;1.584.990.000;2.411.300;0;0,00;0,00;0,00%;0,00%
HGAG11;Outros;18,10;7,27%;11,34%;0,76;4.493.360;1.748;0;0,00;0,00;0,00%;0,00%
HGBL11;Logística;10,20;1,19%;8,88%;1,02;124.508.000;55.647;1;1.719,27;39,49;2,30%;0,00%
HGBS11;Shoppings;211,06;7,30%;9,75%;0,93;2.686.750.000;3.398.810;15;4.690,69;350,35;7,47%;5,47%
HGCR11;Títulos e Val. Mob.;102,40;11,23%;10,76%;1,02;1.578.810.000;2.474.390;0;0,00;0,00;0,00%;0,00%
HGFF11;Títulos e Val. Mob.;80,92;8,98%;9,85%;0,90;231.722.000;415.759;0;0,00;0,00;0,00%;0,00%
HGIC11;Títulos e Val. Mob.;99,00;10,32%;11,60%;0,87;45.807.900;11.281;2;2.763,70;0,00;0,00%;0,00%
HGJH11;Lajes Corporativas;191,29;9,55%;0,00%;0,55;335.342.000;0;2;26.274,60;2.781,84;10,59%;3,42%
HGLG11;Logística;160,26;6,52%;7,89%;1,01;5.414.800.000;6.526.240;26;3.223,67;232,27;7,21%;6,43%
HGPO11;Lajes Corporativas;299,53;6,10%;6,07%;0,87;525.093.000;862.258;2;41.141,90;2.781,84;6,76%;3,42%
HGRE11;Lajes Corporativas;109,60;6,50%;9,15%;0,72;1.295.230.000;1.580.180;16;6.930,18;668,85;9,65%;26,34%
HGRU11;Híbrido;125,70;7,60%;9,05%;1,00;2.313.690.000;3.322.700;68;4.499,79;421,21;9,36%;0,97%
HILG11;Outros;203,55;7,92%;1,29%;1,08;107.119.000;0;1;3.233,66;320,41;9,91%;0,00%
HLOG11;Logística;83,47;7,51%;7,16%;0,72;354.747.000;86.712;4;1.879,64;210,29;11,19%;23,09%
HMOC11;Shoppings;226,95;2,17%;0,00%;0,95;86.698.800;0;0;0,00;0,00;3,27%;0,00%
HOFC11;Lajes Corporativas;28,85;4,09%;3,41%;0,41;109.024.000;175.713;4;2.560,07;463,77;18,12%;52,71%
HOSI11;Híbrido;96,05;8,69%;8,65%;1,05;55.079.900;85.569;2;0,00;0,00;0,00%;0,00%
HPDP11;Shoppings;89,50;6,72%;6,83%;0,94;294.276.000;980.662;1;2.147,72;159,19;7,41%;1,89%
HRDF11;Híbrido;3,17;2,78%;0,00%;0,41;4.810.240;850;0;0,00;0,00;0,00%;0,00%
HREC11;Títulos e Val. Mob.;8,59;11,19%;10,73%;0,95;442.966.000;355.549;0;0,00;0,00;0,00%;0,00%
HRES11;Híbrido;149,25;12,49%;7,88%;1,21;69.885.100;14.641;0;0,00;0,00;0,00%;0,00%
HSAF11;Títulos e Val. Mob.;84,10;12,01%;11,53%;0,94;212.467.000;578.290;0;0,00;0,00;0,00%;0,00%
HSLG11;Logística;86,52;9,31%;9,74%;0,83;1.095.350.000;548.334;5;2.598,33;275,91;10,62%;4,95%
HSML11;Shoppings;92,88;7,36%;9,53%;0,86;1.932.700.000;3.059.070;7;9.392,45;915,91;9,75%;4,39%
HSRE11;Híbrido;99,31;7,05%;8,02%;1,05;883.732.000;1.032.690;26;7.486,66;663,94;8,87%;3,72%
HTMX11;Hotel;199,32;3,80%;13,16%;1,47;299.844.000;726.225;21;206.293,00;13.942,67;6,76%;0,00%
HUCG11;Hospital;83,43;1,68%;0,98%;0,80;93.608.500;3.963;2;3.157,09;0,00;0,00%;0,00%
HUSC11;Outros;109,09;9,91%;10,07%;0,70;92.816.100;3.747;1;1.249,43;150,49;12,04%;0,00%
HUSI11;Hospital;1.200,00;8,38%;7,83%;1,01;139.634.000;1.646;1;6.832,58;612,58;8,97%;0,00%
IAAG11;Títulos e Val. Mob.;10,00;16,35%;10,76%;1,03;57.682.500;99.270;0;0,00;0,00;0,00%;0,00%
IAGR11;Títulos e Val. Mob.;3,20;10,51%;15,91%;0,36;8.953.410;15.681;0;0,00;0,00;0,00%;0,00%
IBCR11;Títulos e Val. Mob.;65,57;11,75%;16,81%;0,73;62.843.800;97.913;0;0,00;0,00;0,00%;0,00%
IBFF11;Títulos e Val. Mob.;66,40;8,28%;0,00%;0,93;44.267.600;0;0;0,00;0,00;0,00%;0,00%
ICRI11;Títulos e Val. Mob.;96,60;5,12%;6,22%;0,96;372.621.000;708.244;0;0,00;0,00;0,00%;0,00%
IDFI11;Híbrido;8,29;3,96%;80,50%;0,62;17.060.200;8.123;2;2.025,25;0,00;0,00%;0,00%
IDGR11;Híbrido;6,50;15,59%;102,85%;1,32;5.741.830;437;1;15.872,40;0,00;0,00%;0,00%
IFID11;Títulos e Val. Mob.;80,06;15,81%;0,00%;1,07;59.897.000;0;0;0,00;0,00;0,00%;0,00%
IFIE11;Títulos e Val. Mob.;71,98;15,34%;0,00%;0,88;64.817.600;0;0;0,00;0,00;0,00%;0,00%
IRDM11;Títulos e Val. Mob.;70,10;13,39%;13,01%;0,82;2.554.010.000;3.573.980;0;0,00;0,00;0,00%;0,00%
IRIM11;Híbrido;73,58;13,81%;13,46%;0,84;141.274.000;71.133;0;0,00;0,00;0,00%;0,00%
ISCJ11;Títulos e Val. Mob.;90,00;4,23%;0,00%;0,65;28.257.300;100;0;0,00;0,00;0,00%;0,00%
ITIP11;Títulos e Val. Mob.;72,01;17,58%;10,94%;0,97;53.874.400;107.629;0;0,00;0,00;0,00%;0,00%
ITIT11;Títulos e Val. Mob.;76,60;14,42%;9,20%;0,94;68.977.800;130.829;0;0,00;0,00;0,00%;0,00%
ITRI11;Híbrido;88,68;2,63%;4,16%;0,91;554.250.000;1.329.430;0;0,00;0,00;0,00%;0,00%
JASC11;Híbrido;115,77;4,53%;5,76%;1,08;403.961.000;0;16;4.810,57;309,43;6,43%;1,32%
JBFO11;Títulos e Val. Mob.;82,01;9,02%;3,33%;1,01;104.897.000;0;0;0,00;0,00;0,00%;0,00%
JCCJ11;Títulos e Val. Mob.;152,00;2,32%;2,81%;0,84;253.613.000;4.438.040;0;0,00;0,00;0,00%;0,00%
JCIN11;Títulos e Val. Mob.;152,00;3,96%;1,19%;1,01;200.293.000;2.363.750;0;0,00;0,00;0,00%;0,00%
JFLL11;Residencial;69,92;14,98%;10,03%;0,67;104.922.000;148.897;2;7.101,12;1.284,15;18,08%;9,00%
JGPX11;Híbrido;85,49;13,50%;13,68%;0,90;183.055.000;420.324;0;0,00;0,00;0,00%;0,00%
JPPA11;Híbrido;82,10;15,38%;13,81%;0,84;74.222.500;177.336;0;0,00;0,00;0,00%;0,00%
JPPC11;Híbrido;151,02;-5,41%;0,00%;0,29;8.306.100;0;0;0,00;0,00;0,00%;0,00%
JRDM11;Shoppings;85,90;7,97%;0,00%;0,96;216.723.000;0;1;7.394,68;671,49;9,08%;1,19%
JSAF11;Títulos e Val. Mob.;95,13;3,39%;11,65%;0,99;737.479.000;2.036.070;0;0,00;0,00;0,00%;0,00%
JSCR11;Títulos e Val. Mob.;94,45;0,00%;0,87%;0,98;209.085.000;69.645;0;0,00;0,00;0,00%;0,00%
JSRE11;Híbrido;63,06;8,35%;8,56%;0,58;1.309.590.000;1.953.590;6;11.138,80;1.082,70;9,72%;7,85%
KCRE11;Títulos e Val. Mob.;9,51;12,19%;10,83%;0,95;342.360.000;477.721;0;0,00;0,00;0,00%;0,00%
KEVE11;Residencial;1.100,00;0,22%;6,47%;1,51;162.471.000;15.842;1;0,00;0,00;0,00%;0,00%
KFOF11;Títulos e Val. Mob.;83,93;7,36%;10,91%;0,90;588.732.000;1.072.740;0;0,00;0,00;0,00%;0,00%
KINP11;Residencial;9,82;0,00%;0,00%;0,00;0;0;1;0,00;0,00;0,00%;0,00%
KISU11;Títulos e Val. Mob.;8,08;17,34%;10,46%;0,94;357.104.000;642.844;0;0,00;0,00;0,00%;0,00%
KIVO11;Títulos e Val. Mob.;79,06;11,22%;15,02%;0,89;175.730.000;431.385;0;0,00;0,00;0,00%;0,00%
KNCA11;Títulos e Val. Mob.;104,77;10,13%;11,53%;1,02;2.263.020.000;2.542.590;0;0,00;0,00;0,00%;0,00%
KNCR11;Títulos e Val. Mob.;105,87;10,69%;10,72%;1,04;7.356.830.000;13.824.400;0;0,00;0,00;0,00%;0,00%
KNHF11;Híbrido;95,15;7,28%;10,94%;0,95;1.870.960.000;2.731.660;2;23.502,00;312,25;1,33%;0,00%
KNHY11;Títulos e Val. Mob.;106,47;6,82%;11,40%;1,05;2.999.210.000;4.031.830;0;0,00;0,00;0,00%;0,00%
KNIP11;Títulos e Val. Mob.;94,53;12,95%;9,94%;0,99;7.569.790.000;7.855.860;0;0,00;0,00;0,00%;0,00%
KNRE11;Residencial;0,42;-25,31%;0,00%;0,52;7.789.810;3.828;0;0,00;0,00;0,00%;0,00%
KNRI11;Híbrido;148,29;6,36%;7,76%;0,92;4.182.380.000;5.183.760;19;5.556,19;377,68;6,80%;0,16%
KNSC11;Títulos e Val. Mob.;9,26;8,66%;10,02%;1,03;1.229.340.000;3.118.880;0;0,00;0,00;0,00%;0,00%
KNUQ11;Títulos e Val. Mob.;105,15;4,92%;10,44%;1,04;1.610.110.000;2.005.660;0;0,00;0,00;0,00%;0,00%
KOPA11;Títulos e Val. Mob.;1.015,50;6,12%;8,33%;1,02;360.174.000;131.072;0;0,00;0,00;0,00%;0,00%
KORE11;Títulos e Val. Mob.;103,01;7,97%;9,81%;0,97;991.471.000;1.792.470;4;15.863,70;855,02;5,39%;1,72%
LASC11;Shoppings;111,00;3,39%;6,48%;0,88;326.373.000;1.731.360;2;15.596,30;1.377,52;8,83%;2,30%
LATR11B;Residencial;9,51;-16,36%;0,00%;0,90;1.180.230;0;0;0,00;0,00;0,00%;0,00%
LFTT11;Residencial;13,79;-22,89%;0,00%;0,52;45.024.400;27.859;107;3.951,29;0,95;0,02%;0,00%
LGCP11;Logística;83,55;11,17%;9,73%;0,84;376.986.000;364.935;5;3.896,52;375,13;9,63%;0,84%
LIFE11;Outros;10,35;12,59%;13,69%;1,03;240.827.000;476.207;0;0,00;0,00;0,00%;0,00%
LLAO11;Híbrido;77,37;-5,39%;3,99%;1,09;27.941.400;0;15;5.533,66;0,00;0,00%;0,00%
LOFT11B;Residencial;29,90;-1,22%;0,00%;5,40;58.678.800;0;9;29.231,60;47,20;0,16%;0,00%
LPLP11;Residencial;500,00;9,57%;36,86%;1,31;249.255.000;0;0;0,00;0,00;0,00%;0,00%
LSAG11;Títulos e Val. Mob.;82,97;17,06%;16,60%;0,85;83.744.400;189.597;0;0,00;0,00;0,00%;0,00%
LSPA11;Outros;45,88;94,56%;36,40%;1,40;18.558.500;40.406;0;0,00;0,00;0,00%;0,00%
LUGG11;Residencial;73,70;13,60%;8,56%;0,63;83.333.000;34.360;5;3.175,96;599,54;18,88%;2,33%
LVBI11;Logística;110,83;7,25%;9,26%;0,89;1.786.420.000;4.634.100;8;23,48;2,28;9,73%;0,00%
MALL11;Shoppings;106,27;17,96%;9,15%;0,89;1.378.640.000;3.441.110;10;4.101,53;518,64;12,65%;3,64%
MANA11;Títulos e Val. Mob.;9,09;3,68%;12,66%;0,96;341.204.000;792.390;0;0,00;0,00;0,00%;0,00%
MATV11;Títulos e Val. Mob.;86,63;11,42%;0,00%;0,92;36.901.600;0;0;0,00;0,00;0,00%;0,00%
MAXR11;Híbrido;75,43;11,83%;11,74%;0,58;84.908.200;175.210;8;1.325,90;162,29;12,24%;23,23%
MBRF11;Outros;679,00;8,17%;0,00%;0,88;69.029.900;0;2;3.653,63;212,64;5,82%;78,44%
MCCI11;Títulos e Val. Mob.;87,18;10,91%;11,73%;0,92;1.478.570.000;3.163.310;0;0,00;0,00;0,00%;0,00%
MCHF11;Títulos e Val. Mob.;9,05;11,76%;5,14%;0,87;292.806.000;0;3;0,00;0,00;0,00%;0,00%
MCHY11;Títulos e Val. Mob.;9,28;6,14%;14,12%;0,95;1.035.640.000;4.078.960;0;0,00;0,00;0,00%;0,00%
MFAI11;Híbrido;68,49;9,13%;8,34%;0,97;26.655.300;57.540;0;0,00;0,00;0,00%;0,00%
MFCR11;Híbrido;26,83;23,93%;12,19%;0,97;2.716.000;4.522;0;0,00;0,00;0,00%;0,00%
MFII11;Híbrido;102,22;5,38%;12,64%;0,94;532.811.000;754.302;5;235,58;0,00;0,00%;0,00%
MGCR11;Títulos e Val. Mob.;9,40;11,11%;0,00%;0,96;126.115.000;0;0;0,00;0,00;0,00%;0,00%
MGFF11;Títulos e Val. Mob.;69,99;0,00%;2,96%;0,00;0;0;0;0,00;0,00;0,00%;0,00%
MGHT11;Híbrido;19,00;31,31%;25,46%;0,37;24.961.900;92.524;1;2.378,30;806,17;33,90%;0,00%
MGIM11;Híbrido;101,50;-2,38%;0,00%;1,03;25.101.000;0;0;0,00;0,00;0,00%;0,00%
MGLG11;Híbrido;40,99;2,37%;0,00%;0,79;103.703.000;0;1;3.769,67;103,90;2,76%;0,00%
MINT11;Outros;96,65;12,92%;4,64%;0,88;50.258.000;129.424;4;4.597,04;502,98;10,94%;0,00%
MMPD11;Outros;110,61;8,34%;7,54%;0,99;58.623.300;0;0;0,00;0,00;0,00%;0,00%
MORC11;Títulos e Val. Mob.;89,87;12,37%;5,99%;0,92;171.455.000;0;0;0,00;0,00;0,00%;0,00%
MORE11;Títulos e Val. Mob.;76,21;6,04%;2,52%;0,88;176.740.000;0;0;0,00;0,00;0,00%;0,00%
MXRF11;Híbrido;10,00;7,60%;11,51%;1,03;4.373.250.000;14.566.600;3;99.960,10;0,00;0,00%;0,00%
NAVT11;Títulos e Val. Mob.;89,10;10,29%;15,69%;1,00;54.554.300;123.479;0;0,00;0,00;0,00%;0,00%
NCHB11;Títulos e Val. Mob.;9,16;13,09%;13,12%;0,92;139.978.000;155.164;0;0,00;0,00;0,00%;0,00%
NCRA11;Títulos e Val. Mob.;8,91;19,39%;13,86%;0,84;39.738.200;85.423;0;0,00;0,00;0,00%;0,00%
NCRI11;Títulos e Val. Mob.;8,89;12,31%;12,35%;0,88;35.115.500;1.527;0;0,00;0,00;0,00%;0,00%
NEWL11;Híbrido;113,00;16,83%;9,94%;0,85;318.368.000;513.893;3;3.266,92;487,21;14,91%;0,00%
NEWU11;Híbrido;78,94;1,43%;2,39%;1,10;58.573.500;14.259;3;4.171,61;422,60;10,13%;47,02%
NEXG11;Outros;114,00;2,83%;6,42%;1,18;21.270.700;31.156;0;0,00;0,00;0,00%;0,00%
NPAR11;Outros;12,82;213,32%;0,00%;0,70;1.533.140;0;0;0,00;0,00;0,00%;0,00%
NSLU11;Hospital;179,00;10,74%;9,91%;0,87;231.498.000;93.114;1;9.442,25;1.083,14;11,47%;0,00%
NVHO11;Hospital;13,80;11,44%;6,94%;0,90;572.625.000;4.874;4;18.532,60;2.192,84;11,83%;0,00%
OBAL11;Residencial;1.213,19;-4,05%;18,64%;1,11;171.398.000;0;8;9.930,38;0,00;0,00%;0,00%
OCRE11;Títulos e Val. Mob.;99,00;6,09%;8,58%;0,99;41.875.600;14.655;0;0,00;0,00;0,00%;0,00%
OGHY11;Títulos e Val. Mob.;8,72;7,32%;4,47%;0,92;23.678.100;0;0;0,00;0,00;0,00%;0,00%
OIAG11;Híbrido;8,19;14,50%;15,44%;0,83;73.980.300;191.722;0;0,00;0,00;0,00%;0,00%
ONEF11;Lajes Corporativas;200,03;6,08%;18,26%;1,09;182.227.000;0;0;0,00;0,00;0,00%;0,00%
ORPD11;Títulos e Val. Mob.;93,00;0,00%;0,00%;0,65;26.970.000;0;0;0,00;0,00;0,00%;0,00%
OUCY11;Híbrido;88,50;11,37%;0,00%;0,88;95.322.200;0;8;0,00;161,02;0,00%;0,00%
OUFF11;Títulos e Val. Mob.;61,10;13,59%;11,43%;0,78;110.856.000;53.548;0;0,00;0,00;0,00%;0,00%
OUJP11;Híbrido;79,68;13,99%;12,85%;0,81;259.150.000;637.215;0;0,00;0,00;0,00%;0,00%
OULG11;Logística;29,80;17,05%;6,05%;0,47;73.942.300;120.267;2;986,39;219,47;22,25%;0,00%
OURE11;Híbrido;78,20;12,86%;11,52%;0,78;84.228.200;53.173;8;0,00;161,02;0,00%;0,00%
PATC11;Lajes Corporativas;35,61;5,21%;13,30%;0,87;123.831.000;192.919;4;15.886,20;1.215,14;7,65%;0,00%
PATL11;Logística;60,15;12,27%;11,09%;0,61;300.241.000;441.930;4;1.932,56;291,88;15,10%;0,00%
PDDA11B;Logística;106,50;4,77%;0,00%;1,66;264.257.000;0;2;3.525,18;219,47;6,23%;0,00%
PEMA11;Títulos e Val. Mob.;30,10;26,07%;18,48%;0,45;16.615.200;583;0;0,00;0,00;0,00%;0,00%
PLCA11;Títulos e Val. Mob.;79,70;20,15%;13,48%;0,84;44.394.400;140.468;0;0,00;0,00;0,00%;0,00%
PLCR11;Títulos e Val. Mob.;84,34;19,29%;10,70%;0,92;177.887.000;270.837;0;0,00;0,00;0,00%;0,00%
PLOG11;Logística;66,71;15,74%;0,00%;0,61;50.032.500;0;1;695,60;137,02;19,70%;0,00%
PLRI11;Títulos e Val. Mob.;14,61;-3,90%;36,83%;0,70;13.942.400;1.435;0;0,00;0,00;0,00%;0,00%
PMFO11;Híbrido;100,00;0,30%;10,06%;1,07;79.729.500;0;0;0,00;0,00;0,00%;0,00%
PMIS11;Títulos e Val. Mob.;9,29;6,26%;7,23%;0,98;116.125.000;294.624;0;0,00;0,00;0,00%;0,00%
PNCR11;Residencial;68,03;-0,37%;11,69%;1,00;34.015.000;6.803;1;26.734,30;0,00;0,00%;0,00%
PNDL11;Títulos e Val. Mob.;1.190,00;0,00%;0,29%;1.120,95;160.907.000.000;335;0;0,00;0,00;0,00%;0,00%
PNPR11;Híbrido;75,50;10,70%;2,83%;1,00;67.465.400;1.587;1;3.862,65;581,47;15,05%;0,00%
PNRC11;Híbrido;105,95;6,26%;14,26%;1,05;43.450.100;2;3;10.717,80;0,00;0,00%;0,00%
PORD11;Títulos e Val. Mob.;8,73;12,34%;12,22%;0,91;325.487.000;619.669;0;0,00;0,00;0,00%;0,00%
PQAG11;Logística;59,36;9,35%;8,75%;1,03;830.559.000;1.227;1;13.156,90;1.177,27;8,95%;0,00%
PQDP11;Shoppings;1.950,00;20,95%;5,32%;0,56;196.094.000;172.274;1;1.481,93;233,37;15,75%;1,67%
PRSN11;Residencial;1,17;-25,41%;12,87%;0,35;3.780.560;950;2;10.803,90;0,00;0,00%;0,00%
PRSV11;Lajes Corporativas;60,98;-25,44%;0,00%;0,35;11.891.100;2.187;1;1.187,69;0,00;0,00%;100,00%
PULV11;Títulos e Val. Mob.;9,31;7,53%;1,99%;0,94;111.722.000;80.519;0;0,00;0,00;0,00%;0,00%
PURB11;Híbrido;95,10;9,50%;0,00%;0,82;107.954.000;0;2;19.114,20;2.690,58;14,08%;9,70%
PVBI11;Lajes Corporativas;90,36;5,97%;8,52%;0,86;2.451.470.000;5.063.420;7;23.421,50;1.510,51;6,45%;15,55%
QAGR11;Outros;47,22;11,06%;11,28%;0,78;237.989.000;315.092;12;1.646,46;210,49;12,78%;0,00%
QAMI11;Títulos e Val. Mob.;84,68;24,53%;1,17%;0,91;67.862.400;0;0;0,00;0,00;0,00%;0,00%
QIFF11;Títulos e Val. Mob.;97,49;7,63%;0,00%;1,09;14.623.500;0;0;0,00;0,00;0,00%;0,00%
QIRI11;Títulos e Val. Mob.;78,04;9,53%;0,00%;0,87;11.706.000;0;0;0,00;0,00;0,00%;0,00%
QMFF11;Títulos e Val. Mob.;98,52;7,55%;0,00%;1,10;14.778.000;0;0;0,00;0,00;0,00%;0,00%
RBBV11;Títulos e Val. Mob.;100,00;6,51%;0,00%;0,99;125.416.000;0;0;0,00;0,00;0,00%;0,00%
RBCO11;Lajes Corporativas;44,00;12,33%;8,39%;0,49;166.276.000;144.616;4;3.812,31;614,84;16,13%;0,00%
RBDS11;Residencial;2,80;-52,52%;0,00%;0,15;354.264;564;0;0,00;0,00;0,00%;0,00%
RBED11;Outros;135,19;11,50%;11,41%;0,93;318.375.000;255.640;7;3.339,54;394,34;11,81%;0,00%
RBFF11;Títulos e Val. Mob.;60,42;10,08%;9,56%;0,92;226.528.000;365.914;0;0,00;0,00;0,00%;0,00%
RBGS11;Shoppings;28,45;3,30%;0,00%;0,31;30.669.100;0;1;1.051,57;52,68;5,01%;11,94%
RBHG11;Títulos e Val. Mob.;83,30;9,48%;11,77%;0,94;180.591.000;389.796;0;0,00;0,00;0,00%;0,00%
RBHY11;Títulos e Val. Mob.;89,16;12,26%;12,99%;0,95;168.825.000;121.826;0;0,00;0,00;0,00%;0,00%
RBIR11;Residencial;85,50;1,69%;3,08%;0,84;130.697.000;149.849;0;0,00;0,00;0,00%;0,00%
RBIV11;Títulos e Val. Mob.;83,70;9,44%;0,00%;0,94;181.458.000;0;0;0,00;0,00;0,00%;0,00%
RBLG11;Logística;67,25;16,57%;11,82%;0,62;43.053.400;3.213;1;255,52;33,54;13,13%;0,00%
RBOP11;Outros;373,99;14,84%;13,80%;0,49;38.021.300;35.549;2;2.012,40;212,64;10,57%;78,44%
RBRD11;Híbrido;38,34;10,74%;10,54%;0,56;70.997.500;36.806;4;2.570,01;362,99;14,12%;27,96%
RBRF11;Títulos e Val. Mob.;7,30;9,30%;9,49%;0,84;998.696.000;2.371.570;0;0,00;0,00;0,00%;0,00%
RBRI11;Híbrido;916,01;7,33%;3,80%;0,78;127.935.000;431;0;0,00;0,00;0,00%;0,00%
RBRL11;Logística;79,94;9,77%;10,47%;0,79;534.562.000;373.825;5;2.381,66;264,27;11,10%;0,00%
RBRM11;Títulos e Val. Mob.;160.000,00;-8,41%;0,00%;8,16;86.240.000;0;0;0,00;0,00;0,00%;0,00%
RBRP11;Outros;55,99;4,90%;9,25%;0,71;681.913.000;1.267.960;6;10.304,20;649,92;6,31%;0,00%
RBRR11;Títulos e Val. Mob.;89,65;8,29%;10,65%;0,95;1.349.880.000;2.920.970;0;0,00;0,00;0,00%;0,00%
RBRS11;Híbrido;45,87;3,41%;3,47%;0,50;79.552.300;44.459;3;7.596,61;558,15;7,35%;80,76%
RBRX11;Títulos e Val. Mob.;9,02;6,37%;12,56%;0,94;265.807.000;1.014.170;0;0,00;0,00;0,00%;0,00%
RBRY11;Títulos e Val. Mob.;93,95;8,57%;13,17%;0,96;1.199.700.000;3.283.190;0;0,00;0,00;0,00%;0,00%
RBTS11;Outros;648,00;-2,68%;14,87%;0,92;36.628.200;8.196;0;0,00;0,00;0,00%;0,00%
RBVA11;Outros;104,80;8,71%;11,65%;0,97;1.308.460.000;1.354.660;71;6.471,53;756,97;11,70%;5,39%
RBVO11;Lajes Corporativas;13,50;2,66%;41,75%;2,41;6.963.620;214.584;0;0,00;0,00;0,00%;0,00%
RCFF11;Títulos e Val. Mob.;90,01;1,75%;1,99%;0,87;29.091.200;462;0;0,00;0,00;0,00%;0,00%
RCRB11;Lajes Corporativas;130,50;3,83%;8,47%;0,64;481.636.000;703.039;9;11.832,20;1.123,58;9,50%;1,77%
RCRI11B;Híbrido;1.200,00;4,39%;0,00%;1,16;61.214.400;0;0;0,00;0,00;0,00%;0,00%
RDES11;Híbrido;58,00;1,95%;0,00%;0,81;43.036.000;0;3;3.065,03;422,60;13,79%;47,02%
RDPD11;Títulos e Val. Mob.;22,96;2,98%;0,00%;2,15;172.391.000;0;0;0,00;0,00;0,00%;0,00%
RECR11;Títulos e Val. Mob.;82,24;12,32%;12,23%;0,88;2.174.560.000;2.624.350;1;40.894,60;0,00;0,00%;100,02%
RECT11;Híbrido;33,66;14,43%;13,84%;0,37;287.574.000;341.062;9;3.777,83;796,97;21,10%;10,08%
RECX11;Títulos e Val. Mob.;64,98;11,50%;9,26%;0,88;14.186.000;6.770;0;0,00;0,00;0,00%;0,00%
REIT11;Títulos e Val. Mob.;125,00;7,26%;12,57%;0,44;3.286.380;223;0;0,00;0,00;0,00%;0,00%
RELG11;Híbrido;62,88;8,55%;0,91%;0,50;83.917.300;282.417;5;1.176,91;177,23;15,06%;10,03%
RFOF11;Títulos e Val. Mob.;69,99;9,46%;11,76%;0,91;75.460.700;92.568;0;0,00;0,00;0,00%;0,00%
RINV11;Títulos e Val. Mob.;108,00;3,52%;12,43%;1,00;209.374.000;514.285;0;0,00;0,00;0,00%;0,00%
RMAI11;Híbrido;75,50;0,90%;6,04%;0,74;184.507.000;48.339;2;4.427,76;210,72;4,76%;18,27%
RNDP11;Títulos e Val. Mob.;58,01;4,17%;87,56%;0,75;6.234.970;9.879;0;0,00;0,00;0,00%;0,00%
RNGO11;Lajes Corporativas;46,88;10,14%;9,31%;0,57;125.451.000;80.124;4;2.186,70;294,70;13,48%;14,63%
ROOF11;Outros;727,20;-7,35%;0,00%;1,39;56.354.400;0;60;3.077,29;15,00;0,49%;0,00%
RPRI11;Títulos e Val. Mob.;91,28;9,42%;12,28%;0,91;316.899.000;483.964;0;0,00;0,00;0,00%;0,00%
RRCI11;Títulos e Val. Mob.;76,45;12,82%;14,01%;0,83;36.830.300;45.769;0;0,00;0,00;0,00%;0,00%
RSPD11;Residencial;1.098,99;-1,91%;7,89%;0,99;163.762.000;24;0;0,00;0,00;0,00%;0,00%
RURA11;Títulos e Val. Mob.;9,98;11,78%;12,02%;1,00;1.597.790.000;2.331.380;0;0,00;0,00;0,00%;0,00%
RVBI11;Títulos e Val. Mob.;73,30;5,46%;12,32%;0,89;753.232.000;1.622.660;0;0,00;0,00;0,00%;0,00%
RZAG11;Títulos e Val. Mob.;8,81;22,25%;13,87%;0,92;599.436.000;1.636.930;0;0,00;0,00;0,00%;0,00%
RZAK11;Títulos e Val. Mob.;82,92;15,03%;14,87%;0,93;730.350.000;2.226.680;0;0,00;0,00;0,00%;0,00%
RZAT11;Híbrido;100,29;-61,99%;11,67%;1,00;371.892.000;738.398;13;1.693,93;108,66;6,41%;3,26%
RZDM11;Híbrido;550,16;19,74%;0,00%;4,15;88.025.600;0;4;61.028,80;0,00;0,00%;0,00%
RZEO11;Outros;237,68;12,48%;4,83%;1,04;749.387.000;91.790;0;0,00;0,00;21,84%;0,00%
RZTR11;Híbrido;91,83;13,31%;12,31%;0,92;1.731.150.000;4.376.760;17;2,54;0,35;13,58%;24,40%
SADI11;Títulos e Val. Mob.;90,00;13,09%;11,75%;0,94;139.382.000;243.528;0;0,00;0,00;0,00%;0,00%
SAIC11B;Lajes Corporativas;34,00;-3,14%;0,00%;0,62;48.611.200;0;1;4.365,46;43,20;0,99%;100,00%
SAPI11;Títulos e Val. Mob.;91,50;7,83%;8,90%;0,92;141.247.000;274.214;0;0,00;0,00;0,00%;0,00%
SARE11;Híbrido;39,32;12,40%;10,52%;0,45;363.094.000;838.740;3;1.786,14;267,30;14,97%;0,00%
SCPF11;Híbrido;2,43;6,42%;5,46%;0,21;10.206.000;4.108;1;2.145,26;686,28;31,99%;33,90%
SDIL11;Logística;96,50;5,95%;0,00%;0,96;746.822.000;0;6;1.878,93;290,96;15,49%;0,00%
SDIP11;Lajes Corporativas;88,00;1,85%;0,00%;0,90;371.533.000;0;5;11.007,90;988,41;8,98%;0,00%
SEED11;Híbrido;100,00;10,39%;10,51%;1,07;164.000.000;34.515;0;0,00;0,00;0,00%;0,00%
SEQR11;Outros;50,50;14,99%;15,31%;0,55;84.117.600;95.932;4;1.992,37;357,06;17,92%;0,00%
SHDP11B;Shoppings;1.210,05;7,79%;8,15%;0,84;1.804.560.000;0;1;13.665,30;1.218,53;8,92%;1,67%
SHOP11;Híbrido;54,57;-0,79%;0,00%;1,34;80.832.700;68;1;3.454,02;242,52;7,02%;18,13%
SHPH11;Shoppings;889,99;6,39%;6,98%;0,96;541.959.000;140.192;1;15.464,50;1.221,93;7,90%;3,89%
SIGR11;Títulos e Val. Mob.;99,90;14,13%;7,64%;0,99;38.902.000;0;0;0,00;0,00;0,00%;0,00%
SJAU11;Logística;58,78;20,02%;16,57%;0,93;466.258.000;7.897;0;0,00;0,00;0,00%;0,00%
SMRE11;Outros;100,00;-0,07%;4,21%;0,91;44.787.000;76.831;0;0,00;0,00;0,00%;0,00%
SNAG11;Híbrido;10,17;10,67%;12,61%;1,01;508.500.000;1.974.660;3;141,36;9,78;6,92%;0,00%
SNCI11;Títulos e Val. Mob.;93,86;11,90%;12,61%;0,95;394.212.000;734.266;0;0,00;0,00;0,00%;0,00%
SNCR11;;97,80;7,17%;0,00%;0,99;472.992.000;0;0;0,00;0,00;0,00%;0,00%
SNEL11;Híbrido;9,15;2,94%;10,64%;1,27;172.918.000;616.301;1;0,00;0,00;0,10%;0,00%
SNFF11;Títulos e Val. Mob.;89,30;7,75%;11,99%;1,00;252.719.000;632.822;0;0,00;0,00;0,00%;0,00%
SNFZ11;Híbrido;10,06;0,06%;0,55%;1,00;62.372.000;316.073;2;40.950,60;0,00;0,00%;0,00%
SNLG11;Híbrido;34,81;2,79%;2,65%;0,67;88.068.100;325.929;1;3.201,32;103,90;3,25%;0,00%
SNME11;Híbrido;9,74;8,04%;9,48%;1,02;72.253.700;43.121;0;0,00;0,00;0,00%;0,00%
SOLR11;Híbrido;1.051,35;-1,57%;0,00%;1,13;67.778.400;0;1;7.694,39;0,00;0,00%;0,00%
SPDE11;Residencial;1.237,90;-0,38%;0,00%;1,16;113.144.000;36.165;0;0,00;0,00;0,00%;0,00%
SPMO11;Híbrido;144,00;-0,12%;0,00%;1,04;260.768.000;0;0;0,00;0,00;0,00%;0,00%
SPTW11;Lajes Corporativas;40,60;15,96%;12,44%;0,71;72.998.800;71.692;1;5.113,16;969,32;18,96%;0,00%
SPXS11;Híbrido;9,24;9,68%;12,92%;0,97;186.547.000;647.881;0;0,00;0,00;0,00%;0,00%
SRVD11;Títulos e Val. Mob.;3,00;-0,17%;0,00%;-275,23;288.858.000;0;0;0,00;0,00;0,00%;0,00%
STRX11;Híbrido;168,00;8,60%;4,51%;1,14;271.078.000;0;3;3.643,15;329,29;9,04%;4,40%
TBOF11;Lajes Corporativas;101,50;-0,11%;0,00%;486,34;1.020.080.000;0;1;0,00;0,00;0,00%;15,37%
TEPP11;Lajes Corporativas;88,03;1,85%;10,73%;0,90;371.660.000;1.249.210;5;11.011,70;988,41;8,98%;0,00%
TGAR11;Híbrido;117,30;9,63%;12,66%;1,02;2.764.520.000;8.077.740;5;75,22;0,89;1,18%;0,00%
THRA11;Lajes Corporativas;138,50;2,96%;0,00%;14,52;203.973.000;0;0;0,00;0,00;0,00%;0,00%
TJKB11;Lajes Corporativas;305,00;9,55%;10,07%;1,13;241.751.000;2.224;7;9.078,81;944,41;10,40%;0,00%
TMPS11;Títulos e Val. Mob.;92,78;7,12%;11,66%;0,93;90.828.600;124.716;0;0,00;0,00;0,00%;0,00%
TORD11;Híbrido;1,07;0,07%;0,00%;0,08;37.504.900;86.498;1;252,03;0,00;0,00%;0,00%
TOUR11;Residencial;8,80;0,00%;0,00%;0,00;0;0;3;0,00;0,00;0,00%;0,00%
TRBL11;Logística;93,85;6,12%;9,79%;0,94;726.314.000;896.963;6;1.827,33;290,96;15,92%;0,00%
TRNT11;Lajes Corporativas;100,03;5,69%;2,49%;0,50;393.674.000;13.014;1;6.182,02;610,47;9,87%;42,50%
TRXB11;Híbrido;156,50;6,66%;8,23%;1,40;501.704.000;1.113.460;15;1.897,02;190,63;10,05%;0,00%
TRXF11;Híbrido;105,40;-2,82%;10,55%;0,99;2.111.750.000;7.797.070;29;4.262,05;392,12;9,20%;0,00%
TRXL11;Híbrido;103,38;4,72%;0,00%;0,99;4.471.100.000;0;21;3.502,99;235,69;6,73%;2,43%
TSER11;Lajes Corporativas;100,00;11,60%;10,77%;1,01;128.488.000;1.422;1;2.750,88;243,12;8,84%;0,00%
TSNC11;Híbrido;0,01;-69.207,91%;147.224,00%;0,00;10.868;0;1;0,84;112,87;13.381,98%;100,00%
TVRI11;Lajes Corporativas;99,59;10,73%;9,98%;0,98;1.585.440.000;1.015.900;62;3.950,24;501,92;12,71%;4,57%
UBSR11;Títulos e Val. Mob.;102,50;9,88%;0,00%;1,10;2.710.270.000;0;1;50.969,10;0,00;0,00%;100,02%
URHF11;Títulos e Val. Mob.;110,00;4,42%;2,27%;1,11;12.145.900;4.410;0;0,00;0,00;0,00%;0,00%
URPR11;Outros;80,81;12,60%;14,81%;0,79;948.216.000;1.410.290;0;0,00;0,00;0,00%;0,00%
VCJR11;Títulos e Val. Mob.;90,64;12,97%;11,29%;0,95;1.334.580.000;1.581.510;0;0,00;0,00;0,00%;0,00%
VCRA11;Títulos e Val. Mob.;77,99;19,28%;14,98%;0,75;358.280.000;822.515;0;0,00;0,00;0,00%;0,00%
VCRI11;Títulos e Val. Mob.;8,33;11,84%;12,22%;0,87;148.052.000;227.614;0;0,00;0,00;0,00%;0,00%
VCRR11;Logística;67,50;11,43%;11,37%;0,52;135.000.000;275.876;4;2.393,23;175,51;7,33%;0,00%
VERE11;Outros;445,76;6,72%;5,72%;0,93;281.666.000;0;4;1.719,20;189,85;11,04%;16,52%
VGHF11;Híbrido;8,82;4,69%;12,08%;0,98;1.452.850.000;3.287.300;0;0,00;0,00;0,00%;0,00%
VGIA11;Títulos e Val. Mob.;9,00;16,91%;14,62%;0,94;778.096.000;2.100.820;0;0,00;0,00;0,00%;0,00%
VGII11;Títulos e Val. Mob.;101,41;4,12%;9,14%;1,04;52.618.100;0;0;0,00;0,00;0,00%;0,00%
VGIP11;Títulos e Val. Mob.;86,50;11,37%;11,64%;0,94;1.019.600.000;1.506.690;0;0,00;0,00;0,00%;0,00%
VGIR11;Títulos e Val. Mob.;9,99;11,96%;13,18%;1,03;1.144.020.000;3.885.060;0;0,00;0,00;0,00%;0,00%
VGRI11;;9,52;3,53%;7,51%;0,98;318.810.000;501.175;5;5.862,04;245,96;4,20%;6,51%
VIFI11;Títulos e Val. Mob.;7,97;10,38%;10,31%;0,89;64.470.800;171.953;0;0,00;0,00;0,00%;0,00%
VILG11;Logística;87,40;8,60%;8,26%;0,77;1.310.770.000;1.986.910;15;2.296,97;232,97;10,14%;6,58%
VINO11;Lajes Corporativas;5,71;10,12%;11,52%;0,53;472.938.000;954.099;10;6.906,15;1.139,65;16,50%;2,20%
VISC11;Shoppings;109,31;7,00%;9,94%;0,86;3.151.260.000;5.289.140;29;3.087,42;247,76;8,02%;5,47%
VIUR11;Outros;6,50;12,43%;11,97%;0,74;175.150.000;290.349;8;2.703,69;318,75;11,79%;3,11%
VLOL11;Lajes Corporativas;98,00;6,78%;0,00%;0,88;174.913.000;0;0;0,00;0,00;0,00%;0,00%
VOTS11;Títulos e Val. Mob.;79,49;14,64%;11,87%;0,85;65.810.800;5.181;0;0,00;0,00;0,00%;0,00%
VPSI11;Shoppings;13,67;16,70%;4,47%;0,43;110.343.000;3;16;896,91;153,00;17,06%;0,00%
VRTA11;Títulos e Val. Mob.;88,85;10,73%;10,39%;0,97;1.385.390.000;1.664.440;0;0,00;0,00;0,00%;0,00%
VRTM11;Títulos e Val. Mob.;8,25;2,51%;9,65%;0,87;320.038.000;396.095;1;115.467,00;0,00;0,00%;0,00%
VSEC11;Títulos e Val. Mob.;0,21;700,84%;0,00%;0,07;13.174;0;0;0,00;0,00;0,00%;0,00%
VSHO11;Shoppings;73,49;11,17%;10,23%;0,71;154.241.000;69.716;3;2.020,54;441,20;21,84%;7,84%
VSLH11;Outros;3,51;9,94%;13,21%;0,33;104.823.000;175.627;0;0,00;0,00;0,00%;0,00%
VTLT11;Logística;94,33;11,80%;10,94%;0,84;199.508.000;87.878;1;774,81;103,58;13,37%;0,00%
VTPL11;Híbrido;72,10;-0,51%;0,00%;1,00;99.948.000;0;2;1.175,49;0,00;0,00%;0,00%
VVCR11;Títulos e Val. Mob.;9,88;6,92%;8,51%;0,93;74.182.300;153.219;0;0,00;0,00;0,00%;0,00%
VVMR11;Híbrido;89,98;6,46%;6,62%;0,81;249.443.000;959.338;5;8.349,69;670,09;8,03%;2,83%
VVPR11;Híbrido;101,50;8,99%;0,00%;1,04;234.036.000;0;6;5.334,39;526,70;9,87%;0,00%
VVRI11;Híbrido;100,50;7,17%;12,41%;1,00;80.669.600;21.233;2;5.155,32;474,10;9,20%;0,00%
VXXV11;Outros;673,00;-1,16%;35,50%;1,02;180.866.000;249.608;0;0,00;0,00;0,00%;0,00%
WHGR11;Híbrido;9,53;10,51%;11,74%;0,99;287.606.000;367.313;0;0,00;0,00;0,00%;0,00%
WPLZ11;Shoppings;58,00;8,60%;7,97%;0,65;61.743.800;12.724;1;1.664,36;153,44;9,22%;11,38%
WSEC11;Títulos e Val. Mob.;8,68;132,39%;13,13%;0,09;2.132.250;29.346;0;0,00;0,00;0,00%;0,00%
WTSP11;Híbrido;50,00;8,63%;9,21%;0,62;49.628.200;11.893;1;4.023,03;331,18;8,23%;4,11%
XPCA11;Títulos e Val. Mob.;8,79;14,09%;13,26%;0,93;400.148.000;1.211.920;0;0,00;0,00;0,00%;0,00%
XPCI11;Títulos e Val. Mob.;87,50;11,77%;12,31%;0,97;761.386.000;1.802.970;0;0,00;0,00;0,00%;0,00%
XPCM11;Lajes Corporativas;7,49;-2,14%;3,03%;0,26;18.085.100;19.723;1;888,84;16,83;1,89%;78,34%
XPHT11;Hotel;123,00;3,06%;0,00%;1,95;1.133.880.000;0;12;2.198,51;75,41;3,43%;0,00%
XPIN11;Outros;76,80;9,15%;9,28%;0,73;549.152.000;541.388;96;2.090,26;221,02;10,57%;12,82%
XPLG11;Logística;101,97;8,30%;8,04%;0,90;3.019.660.000;3.576.380;16;3.105,59;270,97;8,73%;3,62%
XPML11;Shoppings;112,00;6,15%;9,12%;0,94;6.195.860.000;12.822.400;20;3.769,60;351,16;9,32%;5,45%
XPPR11;Outros;17,81;5,21%;5,25%;0,28;130.301.000;278.502;2;2.371,65;473,29;19,96%;45,23%
XPSF11;Títulos e Val. Mob.;7,44;10,87%;11,21%;0,89;322.168.000;560.992;0;0,00;0,00;0,00%;0,00%
XTED11;Lajes Corporativas;8,82;9,26%;0,00%;0,62;87.318.000;0;4;11,11;0,68;6,16%;0,04%
YCHY11;Híbrido;1.000,00;-6,22%;0,00%;9,95;3.708.170.000;0;13;16.890,30;108,66;0,64%;3,26%
YUFI11;Residencial;89,24;4,04%;2,95%;0,85;43.964.100;2;40;2.209,70;232,68;10,53%;0,00%
ZAGH11;Híbrido;12,07;4,67%;3,09%;1,24;56.076.700;541;0;0,00;0,00;0,00%;0,00%
ZAVC11;Títulos e Val. Mob.;10,49;2,03%;5,54%;1,05;32.491.200;35;0;0,00;0,00;0,00%;0,00%
ZAVI11;Híbrido;106,62;12,55%;13,55%;0,81;125.100.000;162.529;10;1.819,25;224,00;12,31%;0,73%
ZIFI11;Híbrido;730,00;-2,02%;0,00%;0,41;34.664.000;3.487;0;0,00;0,00;0,00%;0,00%
